{
    "epoch": 4.653061224489796,
    "total_flos": 8.195089057248707e+17,
    "train_loss": 0.11358119944731394,
    "train_runtime": 1442.3106,
    "train_samples_per_second": 1.002,
    "train_steps_per_second": 0.042
}