{
    "epoch": 13.89795918367347,
    "total_flos": 1.7519563730898125e+17,
    "train_loss": 0.5121261778804991,
    "train_runtime": 748.0409,
    "train_samples_per_second": 5.795,
    "train_steps_per_second": 0.241
}