{
    "epoch": 4.882758620689655,
    "total_flos": 8.448173697820262e+16,
    "train_loss": 0.7088110791312323,
    "train_runtime": 2059.5743,
    "train_samples_per_second": 0.702,
    "train_steps_per_second": 0.087
}