{
    "epoch": 1.0,
    "total_flos": 2.075702376923136e+16,
    "train_loss": 0.19821359051598442,
    "train_runtime": 501.5395,
    "train_samples_per_second": 0.718,
    "train_steps_per_second": 0.09
}