{
    "epoch": 5.0,
    "total_flos": 1.0376850166736486e+17,
    "train_loss": 0.09800169405010012,
    "train_runtime": 2496.0044,
    "train_samples_per_second": 0.721,
    "train_steps_per_second": 0.09
}