{
    "epoch": 4.653061224489796,
    "total_flos": 9.949724845686129e+17,
    "train_loss": 0.05622490545113881,
    "train_runtime": 1690.7583,
    "train_samples_per_second": 0.855,
    "train_steps_per_second": 0.035
}