{
    "epoch": 13.89795918367347,
    "total_flos": 2.4510425820425093e+18,
    "train_loss": 0.027999684118872714,
    "train_runtime": 4226.5553,
    "train_samples_per_second": 1.026,
    "train_steps_per_second": 0.043
}