{
  "best_metric": null,
  "best_model_checkpoint": null,
  "epoch": 1.0,
  "eval_steps": 500,
  "global_step": 45,
  "is_hyper_param_search": false,
  "is_local_process_zero": true,
  "is_world_process_zero": true,
  "log_history": [
    {
      "epoch": 0.2222222222222222,
      "grad_norm": 0.3470400273799896,
      "learning_rate": 4.8096988312782174e-05,
      "loss": 0.3481,
      "step": 10
    },
    {
      "epoch": 0.4444444444444444,
      "grad_norm": 0.47425493597984314,
      "learning_rate": 3.456708580912725e-05,
      "loss": 0.1697,
      "step": 20
    },
    {
      "epoch": 0.6666666666666666,
      "grad_norm": 0.432341992855072,
      "learning_rate": 1.5432914190872757e-05,
      "loss": 0.1462,
      "step": 30
    },
    {
      "epoch": 0.8888888888888888,
      "grad_norm": 0.2837405204772949,
      "learning_rate": 1.9030116872178316e-06,
      "loss": 0.1567,
      "step": 40
    }
  ],
  "logging_steps": 10,
  "max_steps": 45,
  "num_input_tokens_seen": 0,
  "num_train_epochs": 1,
  "save_steps": 5000,
  "stateful_callbacks": {
    "TrainerControl": {
      "args": {
        "should_epoch_stop": false,
        "should_evaluate": false,
        "should_log": false,
        "should_save": true,
        "should_training_stop": true
      },
      "attributes": {}
    }
  },
  "total_flos": 2.075702376923136e+16,
  "train_batch_size": 2,
  "trial_name": null,
  "trial_params": null
}
