{
    "epoch": 4.882758620689655,
    "total_flos": 8.219904235241472e+16,
    "train_loss": 0.7301639291975234,
    "train_runtime": 1993.1324,
    "train_samples_per_second": 0.725,
    "train_steps_per_second": 0.09
}